{"regBroj":"rb","proizvodjac":"pr","model":"mo","registracije":[{"datumRegistracije":"Jun 26, 2023, 11:47:07 AM","kilometraza":300000,"komentar":"Najbolji"}]}
{"regBroj":"regBroj0","proizvodjac":"proizvodjac0","model":"model0","registracije":[{"datumRegistracije":"Jun 26, 2023, 11:46:56 AM","kilometraza":150000,"komentar":"Komentar0"}]}
{"regBroj":"regBroj1","proizvodjac":"proizvodjac1","model":"model1","registracije":[{"datumRegistracije":"Jun 26, 2023, 11:46:56 AM","kilometraza":150020,"komentar":"Komentar1"}]}
{"regBroj":"regBroj2","proizvodjac":"proizvodjac2","model":"model2","registracije":[{"datumRegistracije":"Jun 26, 2023, 11:46:56 AM","kilometraza":150040,"komentar":"Komentar2"},{"datumRegistracije":"Jun 26, 2023, 11:53:49 AM","kilometraza":300000,"komentar":"Najbolji"},{"datumRegistracije":"Jun 26, 2023, 11:56:05 AM","kilometraza":299000,"komentar":"Najbolji"}]}
{"regBroj":"regBroj3","proizvodjac":"proizvodjac3","model":"model3","registracije":[{"datumRegistracije":"Jun 26, 2023, 11:46:56 AM","kilometraza":150060,"komentar":"Komentar3"}]}
{"regBroj":"regBroj4","proizvodjac":"proizvodjac4","model":"model4","registracije":[{"datumRegistracije":"Jun 26, 2023, 11:46:56 AM","kilometraza":150080,"komentar":"Komentar4"}]}
{"regBroj":"regBroj5","proizvodjac":"proizvodjac5","model":"model5","registracije":[{"datumRegistracije":"Jun 26, 2023, 11:46:56 AM","kilometraza":150100,"komentar":"Komentar5"}]}
{"regBroj":"regBroj6","proizvodjac":"proizvodjac6","model":"model6","registracije":[{"datumRegistracije":"Jun 26, 2023, 11:46:56 AM","kilometraza":150120,"komentar":"Komentar6"}]}
{"regBroj":"regBroj7","proizvodjac":"proizvodjac7","model":"model7","registracije":[{"datumRegistracije":"Jun 26, 2023, 11:46:56 AM","kilometraza":150140,"komentar":"Komentar7"}]}
{"regBroj":"regBroj8","proizvodjac":"proizvodjac8","model":"model8","registracije":[{"datumRegistracije":"Jun 26, 2023, 11:46:56 AM","kilometraza":150160,"komentar":"Komentar8"}]}
{"regBroj":"regBroj9","proizvodjac":"proizvodjac9","model":"model9","registracije":[{"datumRegistracije":"Jun 26, 2023, 11:46:56 AM","kilometraza":150180,"komentar":"Komentar9"}]}
